{"Bournemouth": 1590.3305629670335, "Newcastle": 1668.9139703089827, "Swansea": 1473.711993732082, "Aston Villa": 1673.0064119351991, "Chelsea": 1674.496188912462, "Reading": 1422.2108044758572, "Brentford": 1601.1156370530712, "West Ham": 1527.6212648481076, "Fulham": 1580.3429654790905, "Everton": 1561.5453151817005, "Norwich": 1361.0457416735665, "Burnley": 1436.2336161711169, "Luton": 1436.829648789767, "Derby": 1293.5528207471216, "Brighton": 1600.4324866444786, "West Brom": 1434.038807197427, "Bolton": 1467.70557498442, "Wigan": 1486.9800634084838, "Portsmouth": 1430.2828407272987, "Liverpool": 1797.126917339311, "Cardiff": 1434.9250844861115, "Leicester": 1429.3084199338207, "QPR": 1406.066387512442, "Man United": 1565.5087157171554, "Blackburn": 1447.3512895610613, "Wolves": 1547.559288352619, "Watford": 1398.6076619692967, "Arsenal": 1753.4191859362465, "Leeds": 1461.8534000420207, "Coventry": 1427.9578414814177, "Charlton": 1461.6360128845267, "Sunderland": 1418.175270276829, "Bradford": 1396.1792200023892, "Southampton": 1347.58955199158, "Blackpool": 1475.006545505147, "Tottenham": 1543.9973324584496, "Huddersfield": 1372.2584885625402, "Stoke": 1484.7480555845066, "Nott'm Forest": 1599.7112266543918, "Hull": 1442.040949904242, "Man City": 1774.3721945886246, "Crystal Palace": 1597.3009609598291, "Birmingham": 1481.5497870443908, "Sheffield United": 1366.2744428490225, "Ipswich": 1432.0860150899227, "Middlesbrough": 1416.993038074839}